,Te[K],Tc[K],dT[K],P[bar],Q[W],TR[K/W],alpha,beta,phase,GFE_Te[KJ/mol],GFE_Tc[KJ/mol],dG[KJ/mol]
2,310.95,0.0,0.0,0.0,0.0,0.0,0.0,0.0,0.0,0.0,0.0,0.0
8,313.75,0.1767766952966369,0.1767766952966369,0.0,0.0,0.0014731391274719712,0.0,0.0,0.0,0.0,1.0788517283127637,1.0788517283126833
20,319.15,0.0,0.0,0.0,0.0,0.0,0.0,0.0,0.0,0.0,0.0,0.0
25,321.95,0.0,0.0,0.0,0.0,0.0,0.0,0.0,0.0,0.0,0.0,0.0
40,329.54999999999995,0.1767766952966369,0.1767766952966369,0.02356827772859266,0.0,0.0014731391274719688,0.0,0.0,0.0,130.07479964269893,122.62147358809412,7.453326054604814
44,331.54999999999995,0.1767766952966369,0.1767766952966369,0.0235682777285927,0.0,0.0014731391274719688,0.0,0.0,0.0,122.62814180331917,115.30481237972715,7.3233294235919235
59,338.54999999999995,0.3535533905932738,0.3535533905932738,0.0,0.0,0.0029462782549439376,0.0,0.0,0.0,0.0,1.4371799903295848,1.4371799903295848
68,343.15,0.7071067811865476,0.7071067811865476,0.0,0.0,0.005892556509887905,0.0,0.0,0.0,0.0,2.2677516416612593,2.2677516416612193
